{"tag": "iscf480_r0f0", "k": 2, "variant": "exact", "pi_star": 47, "pi_true_check": 47, "valid_partition": true, "num_patterns": 423, "max_pattern_size": 2, "mean_support_size": 2.1394618921320046, "mean_closure_size": 2.8398256888468096, "c_bar": 1.3273551163918524, "int_optimal": true, "solve_seconds": 37.0, "patterns": [["PROD_40643"], ["PROD_202341"], ["PROD_202928"], ["PROD_213950"], ["PROD_216703"], ["PROD_220929"], ["PROD_225386"], ["PROD_237311"], ["PROD_251834"], ["PROD_259768"], ["PROD_260347"], ["PROD_260349"], ["PROD_260354"], ["PROD_282302"], ["PROD_282306"], ["PROD_282309"], ["PROD_282341"], ["PROD_302754"], ["PROD_304938"], ["PROD_304983"], ["PROD_304984"], ["PROD_312363"], ["PROD_312371"], ["PROD_312373"], ["PROD_315673"], ["PROD_332073"], ["PROD_336550"], ["PROD_336551"], ["PROD_337111"], ["PROD_339782"], ["PROD_340230"], ["PROD_340232"], ["PROD_360486"], ["PROD_365814"], ["PROD_365944"], ["PROD_369659"], ["PROD_369675"], ["PROD_369676"], ["PROD_370598"], ["PROD_373105"], ["PROD_375956"], ["PROD_375982"], ["PROD_376894"], ["PROD_376957"], ["PROD_376959"], ["PROD_380919"], ["PROD_382390"], ["PROD_382520"], ["PROD_382941"], ["PROD_386052"], ["PROD_386229"], ["PROD_386231"], ["PROD_386232"], ["PROD_405033"], ["PROD_409197"], ["PROD_409198"], ["PROD_409200"], ["PROD_409205"], ["PROD_409206"], ["PROD_409216"], ["PROD_409217"], ["PROD_409279"], ["PROD_410338"], ["PROD_411215"], ["PROD_411216"], ["PROD_413430"], ["PROD_414475"], ["PROD_416472"], ["PROD_416477"], ["PROD_416490"], ["PROD_416735"], ["PROD_416736"], ["PROD_416740"], ["PROD_423871"], ["PROD_428632"], ["PROD_434724"], ["PROD_435859"], ["PROD_435993"], ["PROD_436058"], ["PROD_2004122"], ["PROD_2004123"], ["PROD_2004125"], ["PROD_2004126"], ["PROD_2004154"], ["PROD_2004156"], ["PROD_2004164"], ["PROD_2004202"], ["PROD_2004203"], ["PROD_2004208"], ["PROD_2005640"], ["PROD_2005843"], ["PROD_2006089"], ["PROD_2006307"], ["PROD_2006308"], ["PROD_2007056"], ["PROD_2007249"], ["PROD_2007710"], ["PROD_2014797"], ["PROD_2015761"], ["PROD_2018131"], ["PROD_2021420"], ["PROD_2021422"], ["PROD_2021990"], ["PROD_2021997"], ["PROD_2021998"], ["PROD_2021999"], ["PROD_2022000"], ["PROD_2022002"], ["PROD_2022003"], ["PROD_2022004"], ["PROD_2022005"], ["PROD_2022008"], ["PROD_2022009"], ["PROD_2022010"], ["PROD_2022012"], ["PROD_2022013"], ["PROD_2022014"], ["PROD_2022016"], ["PROD_2022017"], ["PROD_2022018"], ["PROD_2022020"], ["PROD_2022021"], ["PROD_2022041"], ["PROD_2022044"], ["PROD_2022050"], ["PROD_2022052"], ["PROD_2022053"], ["PROD_2022696"], ["PROD_2023994"], ["PROD_2025582"], ["PROD_2037951"], ["PROD_2037959"], ["PROD_2037960"], ["PROD_2037961"], ["PROD_2038758"], ["PROD_2039186"], ["PROD_2039195"], ["PROD_2039199"], ["PROD_2039209"], ["PROD_2044213"], ["PROD_2045971"], ["PROD_2047741"], ["PROD_2051443"], ["PROD_2052753"], ["PROD_2053601"], ["PROD_2055718"], ["PROD_2057803"], ["PROD_2061285"], ["PROD_2061288"], ["PROD_2061409"], ["PROD_2069955"], ["PROD_2070371"], ["PROD_2070372"], ["PROD_2070377"], ["PROD_2070389"], ["PROD_2070390"], ["PROD_2070392"], ["PROD_2070394"], ["PROD_2070395"], ["PROD_2070397"], ["PROD_2072848"], ["PROD_2076993"], ["PROD_2077976"], ["PROD_2079794"], ["PROD_2079795"], ["PROD_2079911"], ["PROD_2079912"], ["PROD_2079913"], ["PROD_2079914"], ["PROD_2079916"], ["PROD_2079917"], ["PROD_2079918"], ["PROD_2079921"], ["PROD_2079923"], ["PROD_2090365"], ["PROD_2090366"], ["PROD_2092828"], ["PROD_2092829"], ["PROD_2093109"], ["PROD_2097583"], ["PROD_2098208"], ["PROD_2098470"], ["PROD_2098474"], ["PROD_2098480"], ["PROD_2098521"], ["PROD_2100955"], ["PROD_2100958"], ["PROD_2101175"], ["PROD_2101547"], ["PROD_2101917"], ["PROD_2101918"], ["PROD_2105718"], ["PROD_2105851"], ["PROD_2105858"], ["PROD_2105859"], ["PROD_2105870"], ["PROD_2105888"], ["PROD_2105891"], ["PROD_2107707"], ["PROD_2107829"], ["PROD_2108812"], ["PROD_2109823"], ["PROD_2109982"], ["PROD_2109983"], ["PROD_2112324"], ["PROD_2112535"], ["PROD_2113978"], ["PROD_2114053"], ["PROD_2115938"], ["PROD_2117870"], ["PROD_2117876"], ["PROD_2117958"], ["PROD_2117965"], ["PROD_2118046"], ["PROD_2118705"], ["PROD_2118938"], ["PROD_2119053"], ["PROD_2120427"], ["PROD_2120431"], ["PROD_2121386"], ["PROD_2121387"], ["PROD_2121565"], ["PROD_2122280"], ["PROD_2122285"], ["PROD_2122292"], ["PROD_2122302"], ["PROD_2123166"], ["PROD_2123403"], ["PROD_2123406"], ["PROD_2123993"], ["PROD_2123994"], ["PROD_2124505"], ["PROD_2127085"], ["PROD_2131536"], ["PROD_2133673"], ["PROD_2133678"], ["PROD_2134608"], ["PROD_2134761"], ["PROD_2134929"], ["PROD_2135020"], ["PROD_2136280"], ["PROD_2136393"], ["PROD_2136423"], ["PROD_2137034"], ["PROD_2137035"], ["PROD_2142030"], ["PROD_2142308"], ["PROD_2142706"], ["PROD_2142770"], ["PROD_2142776"], ["PROD_2145815"], ["PROD_2145833"], ["PROD_2149989"], ["PROD_2150706"], ["PROD_2150708"], ["PROD_2150709"], ["PROD_2150730"], ["PROD_2150735"], ["PROD_2150736"], ["PROD_2150737"], ["PROD_2150740"], ["PROD_2152388"], ["PROD_2156217"], ["PROD_2156390"], ["PROD_2156391"], ["PROD_2156539"], ["PROD_2159250"], ["PROD_2159252"], ["PROD_2159254"], ["PROD_2159811"], ["PROD_2160041"], ["PROD_2161954"], ["PROD_2162757"], ["PROD_2162794"], ["PROD_2162910"], ["PROD_2163830"], ["PROD_2164256"], ["PROD_2164507"], ["PROD_2167395"], ["PROD_2168870"], ["PROD_2168871"], ["PROD_2168874"], ["PROD_2168875"], ["PROD_2168887"], ["PROD_2172817"], ["PROD_2172818"], ["PROD_2172819"], ["PROD_2172920"], ["PROD_2173256"], ["PROD_2173257"], ["PROD_2177400"], ["PROD_2177401"], ["PROD_2179075"], ["PROD_2182583"], ["PROD_2183144"], ["PROD_2183172"], ["PROD_2183183"], ["PROD_2184331"], ["PROD_2184332"], ["PROD_2184333"], ["PROD_2184506"], ["PROD_2184516"], ["PROD_2184517"], ["PROD_2186209"], ["PROD_2186680"], ["PROD_2186917"], ["PROD_2190182"], ["PROD_2192594"], ["PROD_2194558"], ["PROD_2198250"], ["PROD_2199761"], ["PROD_2200108"], ["PROD_2200121"], ["PROD_2200125"], ["PROD_2200272"], ["PROD_2200273"], ["PROD_2200891"], ["PROD_2206734"], ["PROD_2206737"], ["PROD_2206745"], ["PROD_2206747"], ["PROD_2207028"], ["PROD_2207450"], ["PROD_2207452"], ["PROD_2207454"], ["PROD_2208484"], ["PROD_2210799"], ["PROD_2212517"], ["PROD_2213351"], ["PROD_2215476"], ["PROD_2215881"], ["PROD_2215883"], ["PROD_2217418"], ["PROD_2218557"], ["PROD_2218784"], ["PROD_2223823"], ["PROD_2227740"], ["PROD_2229875"], ["PROD_2229876"], ["PROD_2236886"], ["PROD_2238552"], ["PROD_2238569"], ["PROD_2238570"], ["PROD_2238589"], ["PROD_2238591"], ["PROD_2238592"], ["PROD_2241416"], ["PROD_2241984"], ["PROD_2241986"], ["PROD_2241988"], ["PROD_2241991"], ["PROD_2259032"], ["PROD_2261213"], ["PROD_2261224"], ["PROD_2261258"], ["PROD_2262131"], ["PROD_2262683"], ["PROD_2267003"], ["PROD_2267010"], ["PROD_2281311"], ["PROD_2287557"], ["PROD_2287816"], ["PROD_2287819"], ["PROD_2287822"], ["PROD_2289475"], ["PROD_3547605"], ["PROD_229138", "PROD_336549"], ["PROD_2005641", "PROD_2007059"], ["PROD_2060870", "PROD_336548"], ["PROD_312361", "PROD_369685"], ["PROD_2152385", "PROD_2227009"], ["PROD_409177", "PROD_409189"], ["PROD_2184368", "PROD_369658"], ["PROD_2150705", "PROD_2150707"], ["PROD_409188", "PROD_433789"], ["PROD_409178", "PROD_409199"], ["PROD_2083757", "PROD_2142773"], ["PROD_2136396", "PROD_408428"], ["PROD_2117871", "PROD_2117877"], ["PROD_2150704", "PROD_2241983"], ["PROD_2119066", "PROD_2126539"], ["PROD_283507", "PROD_416489"], ["PROD_2122276", "PROD_2122297"], ["PROD_2072849", "PROD_411214"], ["PROD_226976", "PROD_411287"], ["PROD_2241997", "PROD_282311"], ["PROD_2022045", "PROD_2022049"], ["PROD_2028875", "PROD_2079924"], ["PROD_2184504", "PROD_369639"], ["PROD_2079797", "PROD_2079915"], ["PROD_2184505", "PROD_2184521"], ["PROD_2206617", "PROD_2206746"], ["PROD_409192", "PROD_409201"], ["PROD_2179720", "PROD_2222126"], ["PROD_2007057", "PROD_429802"], ["PROD_416473", "PROD_416474"], ["PROD_203857", "PROD_203859"], ["PROD_2004124", "PROD_2004150"], ["PROD_2206730", "PROD_2206738"], ["PROD_2184554", "PROD_378544"], ["PROD_2156219", "PROD_2156393"], 