rho,k,n_folds,mean_c_bar,mean_PoR,PoR_lo95,PoR_hi95,mean_G,G_lo95,G_hi95,wilcoxon_p_Vte,mean_N_train,mean_V_test,cap_broken_any,wl_broken_any
0.0,1,5,1.0,0.0,0.0,0.0,0.0,0.0,0.0,,18039.6,7821.6,0,13
0.0,10,5,1.0,0.02824,-0.05193,0.1084,-0.03097,-0.11634,0.05441,0.8125,18401.0,8209.6,0,9
0.5,1,5,1.0,0.0,0.0,0.0,0.0,0.0,0.0,,18039.6,7704.2,0,11
0.5,10,5,1.0,0.02824,-0.05193,0.1084,-0.03205,-0.11154,0.04744,0.4375,18401.0,8083.2,0,14
1.0,1,5,1.0,0.0,0.0,0.0,0.0,0.0,0.0,,18039.6,7372.6,0,11
1.0,10,5,1.0,0.02824,-0.05193,0.1084,-0.02964,-0.12191,0.06264,0.8125,18401.0,7749.2,0,11
2.0,1,5,1.0,0.0,0.0,0.0,0.0,0.0,0.0,,18039.6,6378.2,0,13
2.0,10,5,1.0,0.02824,-0.05193,0.1084,-0.02798,-0.08038,0.02442,0.125,18401.0,6624.6,0,16
