rho,k,n_folds,mean_c_bar,mean_PoR,PoR_lo95,PoR_hi95,mean_G,G_lo95,G_hi95,wilcoxon_p_Vte,mean_N_train,mean_V_test,cap_broken_any,wl_broken_any
0.0,1,5,1.0,0.0,0.0,0.0,0.0,0.0,0.0,,18039.6,7823.6,0,0
0.0,10,5,1.0,0.02824,-0.05193,0.1084,-0.03147,-0.11591,0.05297,0.4375,18401.0,8210.0,0,0
0.5,1,5,1.0,0.0,0.0,0.0,0.0,0.0,0.0,,18039.6,10655.2,0,0
0.5,10,5,1.0,0.02824,-0.05193,0.1084,-0.00484,-0.02552,0.01584,0.625,18401.0,10745.6,0,0
1.0,1,5,1.0,0.0,0.0,0.0,0.0,0.0,0.0,,18039.6,11310.8,0,0
1.0,10,5,1.0,0.02824,-0.05193,0.1084,-0.00209,-0.0144,0.01023,0.8125,18401.0,11370.0,0,0
2.0,1,5,1.0,0.0,0.0,0.0,0.0,0.0,0.0,,18039.6,11577.6,0,0
2.0,10,5,1.0,0.02824,-0.05193,0.1084,-0.00447,-0.01345,0.0045,0.1875,18401.0,11614.2,0,0
