rho,k,n_folds,mean_c_bar,mean_PoR,PoR_lo95,PoR_hi95,mean_G,G_lo95,G_hi95,wilcoxon_p_Vte,mean_N_train,mean_V_test,cap_broken_any,wl_broken_any
0.0,1,5,1.0,0.0,0.0,0.0,0.0,0.0,0.0,,18039.6,7823.6,0,0
0.0,10,5,1.0,0.02824,-0.05193,0.1084,-0.03147,-0.11591,0.05297,0.4375,18401.0,8210.0,0,0
0.5,1,5,1.0,0.0,0.0,0.0,0.0,0.0,0.0,,18039.6,10043.0,0,0
0.5,10,5,1.0,0.02824,-0.05193,0.1084,-0.0121,-0.04309,0.01889,0.4375,18401.0,10186.8,0,0
1.0,1,5,1.0,0.0,0.0,0.0,0.0,0.0,0.0,,18039.6,10489.0,0,0
1.0,10,5,1.0,0.02824,-0.05193,0.1084,-0.01035,-0.03975,0.01905,0.4375,18401.0,10605.6,0,0
2.0,1,5,1.0,0.0,0.0,0.0,0.0,0.0,0.0,,18039.6,10642.6,0,0
2.0,10,5,1.0,0.02824,-0.05193,0.1084,-0.00812,-0.03199,0.01576,0.4375,18401.0,10738.2,0,0
