tag,repeat,fold,k,N_train_visits,V_test_visits,test_mean_per_order,coverage_kappa,cap_broken,wl_broken,max_workload,workload_std,c_bar
aff_combine_a0.0_r0,0,0,1,9188,9246,2.039258932509925,0.9998660325540893,0,2,2162.0,229.45992978077894,1.0
aff_combine_a0.0_r0,0,0,10,9863,9952,2.1949713277459195,0.9998660325540893,0,2,2163.0,273.1503420737379,4.119715474432962
aff_combine_a1.0_r0,0,1,1,9188,18949,3.808078778135048,0.9998044364977371,0,8,5048.0,394.8838238963455,1.0
aff_combine_a1.0_r0,0,1,10,9863,19686,3.9561897106109325,0.9998044364977371,0,8,5138.0,623.5847852337323,4.119715474432962
