,visits,gap_pct,lb_gurobi,time,time_limit,max_workload,utilization_std_dev,cap_broken,wl_broken,num_orders,num_skus,num_stations
Heuristic,1014065.0,8.33,-,97.95972967147829,18000,11098.007745358074,37.32760733245493,0.0,8.0,284862.0,21874.0,24.0
Industrial Current,1062507.0,13.5,-,0.3866059780120849,18000,9922.91745358085,0.0038040417567791,0.0,12.0,284862.0,21874.0,24.0
GA,1028861.0,9.91,-,18121.147828817368,18000,22846.50875331664,93.08444655909034,0.0,10.0,284862.0,21874.0,24.0
SA-C,1014640.0,8.39,-,18555.637388944622,18000,10282.846843501293,190.1597520168175,0.0,9.0,284862.0,21874.0,24.0
MILP Gurobi,1014065.0,8.33,-,97.95972967147829,18000,11098.007745358074,37.32760733245493,0.0,8.0,284862.0,21874.0,24.0
CG Hexaly,1062507.0,13.5,-,9225.939167499542,18000,9922.917453577858,0.0038040417629385,0.0,0.0,284862.0,21874.0,24.0
MILP Hexaly,936127,0.0,-,18294.988597631454,18000,10328.027108753264,4.429714484370823,0,9,284862,21874,24
CG Gurobi,1062507,13.5,-,9968.154031515121,18000,9922.91745358085,0.0038040417567791235,0,12,284862,21874,24
