Method,visits,gap_pct,lb_gurobi,time,time_limit,max_workload,avg_workload_assign,avg_workload_max,workload_std_dev,cap_broken,wl_broken,num_orders,num_skus,num_stations
Heuristic,3721.0,0.0,2877.0,0.74,360.0,3176.0,1870.0,2057.0,718.04317,0.0,2.0,937.0,20.0,5.0
Feasible Start,4008.0,7.71,2877.0,0.28,360.0,2019.0,1870.0,2057.0,99.3841,0.0,0.0,937.0,20.0,5.0
MILP Gurobi,3830.0,2.93,2877.0,361.46,360.0,2055.0,1870.0,2057.0,144.80608,0.0,0.0,937.0,20.0,5.0
MILP Hexaly,3830.0,2.93,2877.0,391.95,360.0,2055.0,1870.0,2057.0,142.04506,0.0,0.0,937.0,20.0,5.0
CG Gurobi,4008.0,7.71,2877.0,359.45,360.0,2019.0,1870.0,2057.0,99.3841,0.0,0.0,937.0,20.0,5.0
CG Hexaly,3830.0,2.93,2877.0,203.29,360.0,2055.0,1870.0,2057.0,144.80608,0.0,0.0,937.0,20.0,5.0
SA-C,3830.0,2.93,2877.0,20.11,360.0,2052.0,1870.0,2057.0,145.2818,0.0,0.0,937.0,20.0,5.0
GA,3831.0,2.96,2877.0,28.56,360.0,1996.0,1870.0,2057.0,104.75113,0.0,0.0,937.0,20.0,5.0
