Method,visits,gap_pct,lb_gurobi,time,time_limit,max_workload,utilization_std_dev,cap_broken,wl_broken,num_orders,num_skus,num_stations
Heuristic,1012329,33.25,,94.14964771,72000,11525.70753,34.53920225,0,7,284862,21874,24
Industrial Current,1062507,39.85,,0.380969048,72000,9922.917454,0.00345822,0,0,284862,21874,24
GA,1031029,35.71,,19147.54695,72000,22952.91406,86.80375518,0,8,284862,21874,24
SA-C,1074763,41.47,,73692.40219,72000,11543.25523,36.76137216,0,11,284862,21874,24
MILP Hexaly,759723,0,,72295.50172,72000,11253.81915,36.79989434,0,0,284862,21874,24
MILP Gurobi,1062507,33.25,,10453.60738,72000,11525.70753,34.53920225,0,0,284862,21874,24
CG Gurobi,1062507,39.85,,10453.60738,72000,9922.917454,0.00345822,0,0,284862,21874,24
CG Hexaly,1062507,39.85,,25177.9072,72000,9922.917454,0.00345822,0,0,284862,21874,24
