Method,visits,gap_pct,lb_gurobi,time,time_limit,max_workload,avg_workload_assign,avg_workload_max,workload_std_dev,cap_broken,wl_broken,num_orders,num_skus,num_stations
Heuristic,5786.0,0.0,2384.0,3.31,240.0,4635.0,2953.0,3249.0,1036.30034,0.0,2.0,1483.0,30.0,5.0
Feasible Start,6464.0,11.72,2384.0,0.12,240.0,3093.0,2953.0,3249.0,106.37481,0.0,0.0,1483.0,30.0,5.0
MILP Gurobi,6282.0,8.57,2384.0,243.0,240.0,3104.0,2953.0,3249.0,136.33782,0.0,0.0,1483.0,30.0,5.0
MILP Hexaly,5872.0,1.49,2384.0,336.1,240.0,3249.0,2953.0,3249.0,532.52117,0.0,0.0,1483.0,30.0,5.0
CG Gurobi,6350.0,9.75,2384.0,72.98,240.0,3259.0,2953.0,3249.0,260.26755,0.0,1.0,1483.0,30.0,5.0
CG Hexaly,6248.0,7.98,2384.0,244.77,240.0,3197.0,2953.0,3249.0,199.04673,0.0,0.0,1483.0,30.0,5.0
SA-C,5941.0,2.68,2384.0,79.52,240.0,3246.0,2953.0,3249.0,349.53111,0.0,0.0,1483.0,30.0,5.0
GA,6000.0,3.7,2384.0,97.52,240.0,3240.0,2953.0,3249.0,326.2214,0.0,0.0,1483.0,30.0,5.0
