Method,visits,gap_pct,lb_gurobi,time,time_limit,max_workload,utilization_std_dev,cap_broken,wl_broken,num_orders,num_skus,num_stations
Industrial Current,1062507,1.57,,0.3801703453063965,36000,10915.209198938937,0.0034582197788875415,0,0,284862,21874,24
GA,1046071,0.0,,19357.701714754105,36000,10971.946737400496,18.51724006478516,0,3,284862,21874,24
SA-C,1058563,1.19,,37091.13549661636,36000,10810.99204244029,12.144365387462225,0,4,284862,21874,24
