Method,visits,gap_pct,lb_gurobi,time,time_limit,max_workload,avg_workload_assign,avg_workload_max,workload_std_dev,cap_broken,wl_broken,num_orders,num_skus,num_stations
Heuristic,9178.0,2.93,2640.0,3.66,120.0,6891.0,4724.6,5198.0,1312.50213,0.0,2.0,2336.0,50.0,5.0
Feasible Start,9993.0,12.07,2640.0,0.16,120.0,4740.0,4724.6,5198.0,27.83954,0.0,0.0,2336.0,50.0,5.0
MILP Gurobi,9809.0,10.0,2640.0,125.54,120.0,5105.0,4724.6,5198.0,361.6615,0.0,0.0,2336.0,50.0,5.0
MILP Hexaly,8917.0,0.0,2640.0,241.19,120.0,5095.0,4724.6,5198.0,247.14498,0.0,0.0,2336.0,50.0,5.0
CG Gurobi,9989.0,12.02,2640.0,112.15,120.0,4808.0,4724.6,5198.0,51.75944,0.0,0.0,2336.0,50.0,5.0
CG Hexaly,9922.0,11.27,2640.0,120.51,120.0,5277.0,4724.6,5198.0,347.22131,0.0,1.0,2336.0,50.0,5.0
SA-C,9149.0,2.6,2640.0,120.56,120.0,4928.0,4724.6,5198.0,132.52864,0.0,0.0,2336.0,50.0,5.0
GA,9213.0,3.32,2640.0,120.06,120.0,5061.0,4724.6,5198.0,279.20215,0.0,0.0,2336.0,50.0,5.0
CG Hexaly Homogeneous Exact,9993,,,0.00,3600,4740.0,,,27.83954022608851,0,0,2336,50,\n