Method,visits,gap_pct,lb_gurobi,time,time_limit,max_workload,utilization_std_dev,cap_broken,wl_broken,num_orders,num_skus,num_stations
Heuristic,1016003,10.74,,94.35594034194946,36000,11919.118726790426,37.08969399803188,0,10,284862,21874,24
Industrial Current,1062507,15.81,,0.3917429447174072,36000,9922.91745358085,0.0038040417567791235,0,12,284862,21874,24
GA,1027131,11.95,,19514.92033290863,36000,22178.573633953227,97.14160442125144,0,10,284862,21874,24
SA-C,1077070,17.4,,37066.74874711037,36000,10286.880795755922,109.0101850429425,0,11,284862,21874,24
CG Hexaly,1062507,15.81,,3542.539792776108,36000,9922.91745358085,0.0038040417567791235,0,12,284862,21874,24
MILP Gurobi,1016003,10.74,,94.35594034194946,36000,11919.118726790426,37.08969399803188,0,10,284862,21874,24
CG Gurobi,1062507,15.81,,10654.177639722824,36000,9922.91745358085,0.0038040417567791235,0,12,284862,21874,24
MILP Hexaly,917465,0.0,,36298.969321489334,36000,10466.895915119312,4.481717178147704,0,10,284862,21874,24
