Method,visits,gap_pct,lb_gurobi,time,time_limit,max_workload,avg_workload_assign,avg_workload_max,workload_std_dev,cap_broken,wl_broken,num_orders,num_skus,num_stations
Heuristic,235798.0,2.11,46088.0,45.51,3600.0,58938.0,46146.3,50761.0,6925.82619,0.0,2.0,46088.0,1000.0,10.0
Feasible Start,290549.0,25.83,46088.0,0.0,3600.0,46169.0,46146.3,50761.0,32.72934,0.0,0.0,46088.0,1000.0,10.0
MILP Gurobi,290549.0,25.83,46088.0,3925.1,3600.0,46169.0,46146.3,50761.0,32.72934,0.0,0.0,46088.0,1000.0,10.0
MILP Hexaly,230915.0,0.0,46088.0,7574.65,3600.0,50726.0,46146.3,50761.0,6088.93501,0.0,0.0,46088.0,1000.0,10.0
CG Gurobi,289785.0,25.49,46088.0,3718.21,3600.0,47313.0,46146.3,50761.0,564.68187,0.0,0.0,46088.0,1000.0,10.0
CG Hexaly,289654.0,25.44,46088.0,3950.57,3600.0,47564.0,46146.3,50761.0,717.04798,0.0,0.0,46088.0,1000.0,10.0
SA-C,287445.0,24.48,46088.0,3904.52,3600.0,49504.0,46146.3,50761.0,1998.16821,0.0,0.0,46088.0,1000.0,10.0
GA,276458.0,19.72,46088.0,3604.97,3600.0,50176.0,46146.3,50761.0,2419.41377,0.0,0.0,46088.0,1000.0,10.0
