Method,visits,gap_pct,lb_gurobi,time,time_limit,max_workload,avg_workload_assign,avg_workload_max,workload_std_dev,cap_broken,wl_broken,num_orders,num_skus,num_stations
Heuristic,385269.0,2.38,62460.0,79.14,7200.0,42249.0,31238.7,34363.0,5230.26168,0.0,6.0,62460.0,2000.0,20.0
Feasible Start,492260.0,30.81,62460.0,0.8,7200.0,31262.0,31238.7,34363.0,16.45327,0.0,0.0,62460.0,2000.0,20.0
MILP Gurobi,492260.0,30.81,62460.0,8570.31,7200.0,31262.0,31238.7,34363.0,16.45327,0.0,0.0,62460.0,2000.0,20.0
MILP Hexaly,376330.0,0.0,62460.0,14955.64,7200.0,34343.0,31238.7,34363.0,2797.57638,0.0,0.0,62460.0,2000.0,20.0
CG Gurobi,491850.0,30.7,62460.0,7455.46,7200.0,32351.0,31238.7,34363.0,711.27928,0.0,0.0,62460.0,2000.0,20.0
CG Hexaly,490973.0,30.46,62460.0,7667.2,7200.0,32656.0,31238.7,34363.0,511.57904,0.0,0.0,62460.0,2000.0,20.0
SA-C,487590.0,29.56,62460.0,7592.9,7200.0,33663.0,31238.7,34363.0,1321.44047,0.0,0.0,62460.0,2000.0,20.0
GA,477075.0,26.77,62460.0,7224.38,7200.0,33931.0,31238.7,34363.0,1365.63436,0.0,0.0,62460.0,2000.0,20.0
