Method,visits,gap_pct,lb_gurobi,time,time_limit,max_workload,avg_workload_assign,avg_workload_max,workload_std_dev,cap_broken,wl_broken,num_orders,num_skus,num_stations
Heuristic,62462.0,4.05,16675.0,17.02,1200.0,46671.0,33329.2,36663.0,7787.01636,0.0,2.0,16675.0,500.0,5.0
Feasible Start,72114.0,20.12,16675.0,0.16,1200.0,33342.0,33329.2,36663.0,12.78124,0.0,0.0,16675.0,500.0,5.0
MILP Gurobi,72099.0,20.1,16675.0,1237.67,1200.0,33350.0,33329.2,36663.0,14.74313,0.0,0.0,16675.0,500.0,5.0
MILP Hexaly,60033.0,0.0,16675.0,2419.04,1200.0,36663.0,33329.2,36663.0,5256.84127,0.0,0.0,16675.0,500.0,5.0
CG Gurobi,71829.0,19.65,16675.0,722.51,1200.0,34122.0,33329.2,36663.0,416.62232,0.0,0.0,16675.0,500.0,5.0
CG Hexaly,71798.0,19.6,16675.0,1214.58,1200.0,34066.0,33329.2,36663.0,604.12164,0.0,0.0,16675.0,500.0,5.0
SA-C,70837.0,18.0,16675.0,1222.53,1200.0,35705.0,33329.2,36663.0,1597.48032,0.0,0.0,16675.0,500.0,5.0
GA,66263.0,10.38,16675.0,1202.43,1200.0,36627.0,33329.2,36663.0,2476.38167,0.0,0.0,16675.0,500.0,5.0
