k,n_folds,mean_c_bar,mean_PoR,PoR_lo95,PoR_hi95,mean_G,G_lo95,G_hi95,wilcoxon_p_Vte,mean_N_train,mean_V_test,cap_broken_any,wl_broken_any
1,5,1.0,0.0,0.0,0.0,0.0,0.0,0.0,,9554.8,4473.2,0,3
2,5,1.1602,0.03008,0.00671,0.05346,-0.01729,-0.04865,0.01406,0.3125,9868.6,4550.4,0,2
3,5,1.2243,0.03187,0.01229,0.05146,-0.03183,-0.04396,-0.0197,0.0625,9860.4,4624.8,0,1
4,5,1.5598,0.06855,0.04787,0.08923,-0.06517,-0.08995,-0.0404,0.0625,10235.8,4751.2,0,3
6,5,2.3102,0.12802,0.09981,0.15622,-0.14958,-0.21408,-0.08508,0.0625,10816.4,5061.2,0,1
