rho,k,n_folds,mean_c_bar,mean_PoR,PoR_lo95,PoR_hi95,mean_G,G_lo95,G_hi95,wilcoxon_p_Vte,mean_N_train,mean_V_test,cap_broken_any,wl_broken_any
0.0,1,5,1.0,0.0,0.0,0.0,0.0,0.0,0.0,,18039.6,7823.6,0,0
0.0,10,5,1.0,0.14048,0.09857,0.18239,-0.13773,-0.18261,-0.09285,0.0625,20596.2,8867.2,0,1
0.5,1,5,1.0,0.0,0.0,0.0,0.0,0.0,0.0,,18039.6,10655.2,0,0
0.5,10,5,1.0,0.14048,0.09857,0.18239,-0.03234,-0.03805,-0.02664,0.0625,20596.2,10982.8,0,1
1.0,1,5,1.0,0.0,0.0,0.0,0.0,0.0,0.0,,18039.6,11310.8,0,0
1.0,10,5,1.0,0.14048,0.09857,0.18239,-0.01002,-0.01496,-0.00508,0.0625,20596.2,11438.6,0,1
2.0,1,5,1.0,0.0,0.0,0.0,0.0,0.0,0.0,,18039.6,11577.6,0,0
2.0,10,5,1.0,0.14048,0.09857,0.18239,-0.00643,-0.01071,-0.00216,0.0625,20596.2,11663.4,0,1
