rho,k,n_folds,mean_c_bar,mean_PoR,PoR_lo95,PoR_hi95,mean_G,G_lo95,G_hi95,wilcoxon_p_Vte,mean_N_train,mean_V_test,cap_broken_any,wl_broken_any
0.0,1,5,1.0,0.0,0.0,0.0,0.0,0.0,0.0,,18039.6,7821.6,0,13
0.0,10,5,1.0,0.14048,0.09857,0.18239,-0.13798,-0.17787,-0.09809,0.0625,20596.2,8868.2,0,11
0.5,1,5,1.0,0.0,0.0,0.0,0.0,0.0,0.0,,18039.6,7704.2,0,11
0.5,10,5,1.0,0.14048,0.09857,0.18239,-0.13261,-0.17953,-0.08569,0.0625,20596.2,8668.2,0,12
1.0,1,5,1.0,0.0,0.0,0.0,0.0,0.0,0.0,,18039.6,7372.6,0,11
1.0,10,5,1.0,0.14048,0.09857,0.18239,-0.12337,-0.15731,-0.08943,0.0625,20596.2,8257.6,0,7
2.0,1,5,1.0,0.0,0.0,0.0,0.0,0.0,0.0,,18039.6,6378.2,0,13
2.0,10,5,1.0,0.14048,0.09857,0.18239,-0.10591,-0.13649,-0.07533,0.0625,20596.2,7057.6,0,13
