rho,k,n_folds,mean_c_bar,mean_PoR,PoR_lo95,PoR_hi95,mean_G,G_lo95,G_hi95,wilcoxon_p_Vte,mean_N_train,mean_V_test,cap_broken_any,wl_broken_any
0.0,1,5,1.0,0.0,0.0,0.0,0.0,0.0,0.0,,18039.6,7823.6,0,0
0.0,10,5,1.0,0.14048,0.09857,0.18239,-0.13773,-0.18261,-0.09285,0.0625,20596.2,8867.2,0,1
0.5,1,5,1.0,0.0,0.0,0.0,0.0,0.0,0.0,,18039.6,10043.0,0,0
0.5,10,5,1.0,0.14048,0.09857,0.18239,-0.05631,-0.07343,-0.03918,0.0625,20596.2,10579.8,0,1
1.0,1,5,1.0,0.0,0.0,0.0,0.0,0.0,0.0,,18039.6,10489.0,0,0
1.0,10,5,1.0,0.14048,0.09857,0.18239,-0.04201,-0.05004,-0.03399,0.0625,20596.2,10907.4,0,1
2.0,1,5,1.0,0.0,0.0,0.0,0.0,0.0,0.0,,18039.6,10642.6,0,0
2.0,10,5,1.0,0.14048,0.09857,0.18239,-0.04257,-0.0514,-0.03374,0.0625,20596.2,11064.8,0,1
